{"cameraMode":{"drawMode":0,"name":"Shaded","section":"Shading Mode"},"sceneLighting":true,"audioPlay":false,"sceneViewState":{"m_AlwaysRefresh":false,"showFog":true,"showSkybox":true,"showFlares":true,"showImageEffects":true,"showParticleSystems":true,"showVisualEffectGraphs":true,"m_FxEnabled":true},"in2DMode":false,"pivot":{"x":858.0776977539063,"y":708.6102905273438,"z":-794.3956298828125},"rotation":{"x":0.20229129493236543,"y":0.0035259872674942018,"z":0.0007130915764719248,"w":-0.9793573021888733},"size":281.0127868652344,"orthographic":false}