{"cameraMode":{"drawMode":0,"name":"Shaded","section":"Shading Mode"},"sceneLighting":true,"audioPlay":false,"sceneViewState":{"m_AlwaysRefresh":false,"showFog":true,"showSkybox":true,"showFlares":true,"showImageEffects":true,"showParticleSystems":true,"showVisualEffectGraphs":true,"m_FxEnabled":true},"in2DMode":false,"pivot":{"x":-2.5854644775390627,"y":-887.7239990234375,"z":888.7393188476563},"rotation":{"x":-0.38317158818244936,"y":-0.018846115097403528,"z":0.00781461875885725,"w":-0.9234635233879089},"size":663.8366088867188,"orthographic":false}